[
    {
        "key": "dbln",
        "value": "%7B%2261575618204533%22%3A%22wWyI8OdV%22%2C%2261575093133447%22%3A%220t9XpIXq%22%2C%2261575030826692%22%3A%228yyC5znh%22%2C%2261576575740565%22%3A%22yFBBKL8c%22%2C%2261576380354799%22%3A%2230JfrOpK%22%2C%2261575882946083%22%3A%22oyPz44w5%22%2C%2261576011763705%22%3A%22vDUoDblu%22%2C%2261576005977771%22%3A%22r9EMUgQS%22%2C%2261576311966065%22%3A%222i5V93zO%22%2C%2261576597350124%22%3A%22G3mjskEf%22%2C%2261576594889382%22%3A%22dgCsEzvT%22%2C%2261576338096977%22%3A%2227JaEQiF%22%2C%2261576435173952%22%3A%22TguFFx2o%22%2C%2261576691096069%22%3A%22DyODogeD%22%2C%2261576374785336%22%3A%22IDvcmbcH%22%2C%2261576801911034%22%3A%22od1SSiti%22%2C%2261576191434207%22%3A%22QH5KsZ8L%22%2C%2261550570171854%22%3A%22W0nExFqh%22%2C%22100001173153839%22%3A%22kFYhugDW%22%2C%22100086700336954%22%3A%22KRmDIYg3%22%2C%2261581991313167%22%3A%22oaZdMHl2%22%2C%2261579739597155%22%3A%22d5QkEVUw%22%2C%2261568386717573%22%3A%2234ky73ek%22%2C%2261576725044838%22%3A%22jJCBCkIu%22%7D",
        "domain": "facebook.com",
        "path": "/login/device-based/",
        "hostOnly": false,
        "creation": "2025-11-06T11:56:26.675Z",
        "lastAccessed": "2025-11-06T11:56:26.676Z"
    },
    {
        "key": "sb",
        "value": "Wzz_aAPpPbVZR__7Whb9JN0m",
        "domain": "facebook.com",
        "path": "/",
        "hostOnly": false,
        "creation": "2025-11-06T11:56:26.676Z",
        "lastAccessed": "2025-11-06T11:56:26.676Z"
    },
    {
        "key": "m_pixel_ratio",
        "value": "4.369843482971191",
        "domain": "facebook.com",
        "path": "/",
        "hostOnly": false,
        "creation": "2025-11-06T11:56:26.676Z",
        "lastAccessed": "2025-11-06T11:56:26.676Z"
    },
    {
        "key": "wd",
        "value": "462x1059",
        "domain": "facebook.com",
        "path": "/",
        "hostOnly": false,
        "creation": "2025-11-06T11:56:26.676Z",
        "lastAccessed": "2025-11-06T11:56:26.676Z"
    },
    {
        "key": "ps_l",
        "value": "1",
        "domain": "facebook.com",
        "path": "/",
        "hostOnly": false,
        "creation": "2025-11-06T11:56:26.676Z",
        "lastAccessed": "2025-11-06T11:56:26.676Z"
    },
    {
        "key": "ps_n",
        "value": "1",
        "domain": "facebook.com",
        "path": "/",
        "hostOnly": false,
        "creation": "2025-11-06T11:56:26.676Z",
        "lastAccessed": "2025-11-06T11:56:26.676Z"
    },
    {
        "key": "c_user",
        "value": "61581991313167",
        "domain": "facebook.com",
        "path": "/",
        "hostOnly": false,
        "creation": "2025-11-06T11:56:26.676Z",
        "lastAccessed": "2025-11-06T11:56:26.676Z"
    },
    {
        "key": "xs",
        "value": "36%3AE9hyPtBLsV1fgA%3A2%3A1762430174%3A-1%3A-1",
        "domain": "facebook.com",
        "path": "/",
        "hostOnly": false,
        "creation": "2025-11-06T11:56:26.676Z",
        "lastAccessed": "2025-11-06T11:56:26.676Z"
    },
    {
        "key": "fr",
        "value": "0dox2qD03SgiZV1dD.AWeXPLQdsOaB7mlCIN0CZbF8wNNVq6P8O48bFk9jaIWlK6L45xs.Bo_zxb..AAA.0.0.BpDIzj.AWcUP6K6BWyBoC8NnsGb2U3HOxI",
        "domain": "facebook.com",
        "path": "/",
        "hostOnly": false,
        "creation": "2025-11-06T11:56:26.676Z",
        "lastAccessed": "2025-11-06T11:56:26.676Z"
    },
    {
        "key": "pas",
        "value": "100074137581251%3AmZF3Y9bg8K%2C61581991313167%3ACdVEgbCKAa",
        "domain": "facebook.com",
        "path": "/",
        "hostOnly": false,
        "creation": "2025-11-06T11:56:26.676Z",
        "lastAccessed": "2025-11-06T11:56:26.676Z"
    },
    {
        "key": "wl_cbv",
        "value": "v2%3Bclient_version%3A2965%3Btimestamp%3A1762430179",
        "domain": "facebook.com",
        "path": "/",
        "hostOnly": false,
        "creation": "2025-11-06T11:56:26.676Z",
        "lastAccessed": "2025-11-06T11:56:26.676Z"
    },
    {
        "key": "fbl_st",
        "value": "101735007%3BT%3A29373836",
        "domain": "facebook.com",
        "path": "/",
        "hostOnly": false,
        "creation": "2025-11-06T11:56:26.676Z",
        "lastAccessed": "2025-11-06T11:56:26.676Z"
    },
    {
        "key": "vpd",
        "value": "v1%3B646x329x4.369843482971191",
        "domain": "facebook.com",
        "path": "/",
        "hostOnly": false,
        "creation": "2025-11-06T11:56:26.676Z",
        "lastAccessed": "2025-11-06T11:56:26.676Z"
    }
]