[
    {
        "key": "dbln",
        "value": "%7B%2261575618204533%22%3A%22wWyI8OdV%22%2C%2261575093133447%22%3A%220t9XpIXq%22%2C%2261575030826692%22%3A%228yyC5znh%22%2C%2261576575740565%22%3A%22yFBBKL8c%22%2C%2261576380354799%22%3A%2230JfrOpK%22%2C%2261575882946083%22%3A%22oyPz44w5%22%2C%2261576011763705%22%3A%22vDUoDblu%22%2C%2261576005977771%22%3A%22r9EMUgQS%22%2C%2261576311966065%22%3A%222i5V93zO%22%2C%2261576597350124%22%3A%22G3mjskEf%22%2C%2261576594889382%22%3A%22dgCsEzvT%22%2C%2261576338096977%22%3A%2227JaEQiF%22%2C%2261576435173952%22%3A%22TguFFx2o%22%2C%2261576691096069%22%3A%22DyODogeD%22%2C%2261576374785336%22%3A%22IDvcmbcH%22%2C%2261576801911034%22%3A%22od1SSiti%22%2C%2261576191434207%22%3A%22QH5KsZ8L%22%2C%2261550570171854%22%3A%22W0nExFqh%22%2C%22100001173153839%22%3A%22kFYhugDW%22%2C%22100086700336954%22%3A%22KRmDIYg3%22%2C%2261581991313167%22%3A%22oaZdMHl2%22%2C%2261579739597155%22%3A%22d5QkEVUw%22%2C%2261568386717573%22%3A%2234ky73ek%22%2C%2261576725044838%22%3A%22jJCBCkIu%22%7D",
        "domain": "facebook.com",
        "path": "/login/device-based/",
        "hostOnly": false,
        "creation": "2025-11-03T12:01:30.974Z",
        "lastAccessed": "2025-11-03T12:01:30.976Z"
    },
    {
        "key": "datr",
        "value": "1Kr8aHJsNiRrz_Ghe0L1bZj-",
        "domain": "facebook.com",
        "path": "/",
        "hostOnly": false,
        "creation": "2025-11-03T12:01:30.977Z",
        "lastAccessed": "2025-11-03T12:01:30.977Z"
    },
    {
        "key": "sb",
        "value": "1Kr8aMUpX3GAeR8GYFEcY_Ne",
        "domain": "facebook.com",
        "path": "/",
        "hostOnly": false,
        "creation": "2025-11-03T12:01:30.977Z",
        "lastAccessed": "2025-11-03T12:01:30.977Z"
    },
    {
        "key": "c_user",
        "value": "61581991313167",
        "domain": "facebook.com",
        "path": "/",
        "hostOnly": false,
        "creation": "2025-11-03T12:01:30.977Z",
        "lastAccessed": "2025-11-03T12:01:30.977Z"
    },
    {
        "key": "xs",
        "value": "44%3AjzJ2TzHCpVtuFg%3A2%3A1762171007%3A-1%3A-1",
        "domain": "facebook.com",
        "path": "/",
        "hostOnly": false,
        "creation": "2025-11-03T12:01:30.977Z",
        "lastAccessed": "2025-11-03T12:01:30.977Z"
    },
    {
        "key": "pas",
        "value": "61576725044838%3AygZx9GkdUJ%2C61581991313167%3ALcMRmuZiMu",
        "domain": "facebook.com",
        "path": "/",
        "hostOnly": false,
        "creation": "2025-11-03T12:01:30.977Z",
        "lastAccessed": "2025-11-03T12:01:30.977Z"
    },
    {
        "key": "ps_l",
        "value": "1",
        "domain": "facebook.com",
        "path": "/",
        "hostOnly": false,
        "creation": "2025-11-03T12:01:30.977Z",
        "lastAccessed": "2025-11-03T12:01:30.977Z"
    },
    {
        "key": "ps_n",
        "value": "1",
        "domain": "facebook.com",
        "path": "/",
        "hostOnly": false,
        "creation": "2025-11-03T12:01:30.977Z",
        "lastAccessed": "2025-11-03T12:01:30.980Z"
    },
    {
        "key": "fr",
        "value": "0i2CRLWQ8xbNdlwzK.AWfCPRz21BfaY_7PNmdKPIURo7_a9qhn4xneTGlN_-h6OGfsWJQ.Bo_KrU..AAA.0.0.BpCJmJ.AWdqERa7caNKKvfkD_GRVlVoatM",
        "domain": "facebook.com",
        "path": "/",
        "hostOnly": false,
        "creation": "2025-11-03T12:01:30.980Z",
        "lastAccessed": "2025-11-03T12:01:30.980Z"
    },
    {
        "key": "locale",
        "value": "vi_VN",
        "domain": "facebook.com",
        "path": "/",
        "hostOnly": false,
        "creation": "2025-11-03T12:01:30.980Z",
        "lastAccessed": "2025-11-03T12:01:30.980Z"
    },
    {
        "key": "fbl_st",
        "value": "100618268%3BT%3A29369521",
        "domain": "facebook.com",
        "path": "/",
        "hostOnly": false,
        "creation": "2025-11-03T12:01:30.981Z",
        "lastAccessed": "2025-11-03T12:01:30.981Z"
    },
    {
        "key": "wl_cbv",
        "value": "v2%3Bclient_version%3A2972%3Btimestamp%3A1762171273",
        "domain": "facebook.com",
        "path": "/",
        "hostOnly": false,
        "creation": "2025-11-03T12:01:30.981Z",
        "lastAccessed": "2025-11-03T12:01:30.981Z"
    },
    {
        "key": "vpd",
        "value": "v1%3B646x329x4.369843482971191",
        "domain": "facebook.com",
        "path": "/",
        "hostOnly": false,
        "creation": "2025-11-03T12:01:30.981Z",
        "lastAccessed": "2025-11-03T12:01:30.981Z"
    }
]